179747.8786051132, {'num_nearest': 2400, 'num_nearest_geo': 2400, 'num_nearest_eucli': 2400, 'batch_size': 250, 'size_embedded': 50, 'id_dataset': 'nl', 'epochs': 100, 'optimier': 'adam', 'validation_split': 0.1, 'label': 'asi_nl', 'early_stopping': False, 'graph_label': 'matrix', 'use_masking': True, 'sigma': 4.479141784128219, 'learning_rate': 0.0007942383296058009, 'num_neuron': 11, 'num_layers': 2, 'mask_dist_threshold': 5.0}
318032.98466781084, {'num_nearest': 2400, 'num_nearest_geo': 2400, 'num_nearest_eucli': 2400, 'batch_size': 250, 'size_embedded': 50, 'id_dataset': 'nl', 'epochs': 100, 'optimier': 'adam', 'validation_split': 0.1, 'label': 'asi_nl', 'early_stopping': False, 'graph_label': 'matrix', 'use_masking': True, 'sigma': 13.185539636857293, 'learning_rate': 0.00023446598915270267, 'num_neuron': 2, 'num_layers': 4, 'mask_dist_threshold': 1.0}
179616.5409165242, {'num_nearest': 2400, 'num_nearest_geo': 2400, 'num_nearest_eucli': 2400, 'batch_size': 250, 'size_embedded': 50, 'id_dataset': 'nl', 'epochs': 100, 'optimier': 'adam', 'validation_split': 0.1, 'label': 'asi_nl', 'early_stopping': False, 'graph_label': 'matrix', 'use_masking': True, 'sigma': 1.374804398508621, 'learning_rate': 0.004312972421509204, 'num_neuron': 5, 'num_layers': 4, 'mask_dist_threshold': 35.0}
183990.56830550078, {'num_nearest': 2400, 'num_nearest_geo': 2400, 'num_nearest_eucli': 2400, 'batch_size': 250, 'size_embedded': 50, 'id_dataset': 'nl', 'epochs': 100, 'optimier': 'adam', 'validation_split': 0.1, 'label': 'asi_nl', 'early_stopping': False, 'graph_label': 'matrix', 'use_masking': True, 'sigma': 7.486549741921603, 'learning_rate': 0.0001637958690453515, 'num_neuron': 44, 'num_layers': 5, 'mask_dist_threshold': 0.1}
290877.50820691633, {'num_nearest': 2400, 'num_nearest_geo': 2400, 'num_nearest_eucli': 2400, 'batch_size': 250, 'size_embedded': 50, 'id_dataset': 'nl', 'epochs': 100, 'optimier': 'adam', 'validation_split': 0.1, 'label': 'asi_nl', 'early_stopping': False, 'graph_label': 'matrix', 'use_masking': True, 'sigma': 2.373892373717491, 'learning_rate': 0.00022670912168160098, 'num_neuron': 9, 'num_layers': 3, 'mask_dist_threshold': 5.0}
226060.47327787074, {'num_nearest': 2400, 'num_nearest_geo': 2400, 'num_nearest_eucli': 2400, 'batch_size': 250, 'size_embedded': 50, 'id_dataset': 'nl', 'epochs': 100, 'optimier': 'adam', 'validation_split': 0.1, 'label': 'asi_nl', 'early_stopping': False, 'graph_label': 'matrix', 'use_masking': True, 'sigma': 4.468755982113888, 'learning_rate': 0.0017601914406805321, 'num_neuron': 4, 'num_layers': 4, 'mask_dist_threshold': 35.0}
179615.35213703648, {'num_nearest': 2400, 'num_nearest_geo': 2400, 'num_nearest_eucli': 2400, 'batch_size': 250, 'size_embedded': 50, 'id_dataset': 'nl', 'epochs': 100, 'optimier': 'adam', 'validation_split': 0.1, 'label': 'asi_nl', 'early_stopping': False, 'graph_label': 'matrix', 'use_masking': True, 'sigma': 2.1370482122816785, 'learning_rate': 0.00807132044026962, 'num_neuron': 3, 'num_layers': 2, 'mask_dist_threshold': 35.0}
167172.21503725846, {'num_nearest': 2400, 'num_nearest_geo': 2400, 'num_nearest_eucli': 2400, 'batch_size': 250, 'size_embedded': 50, 'id_dataset': 'nl', 'epochs': 100, 'optimier': 'adam', 'validation_split': 0.1, 'label': 'asi_nl', 'early_stopping': False, 'graph_label': 'matrix', 'use_masking': True, 'sigma': 11.121966826908753, 'learning_rate': 0.008721264112077761, 'num_neuron': 61, 'num_layers': 5, 'mask_dist_threshold': 1.0}
299525.5769007181, {'num_nearest': 2400, 'num_nearest_geo': 2400, 'num_nearest_eucli': 2400, 'batch_size': 250, 'size_embedded': 50, 'id_dataset': 'nl', 'epochs': 100, 'optimier': 'adam', 'validation_split': 0.1, 'label': 'asi_nl', 'early_stopping': False, 'graph_label': 'matrix', 'use_masking': True, 'sigma': 5.640674213611346, 'learning_rate': 0.0005104631441946694, 'num_neuron': 3, 'num_layers': 2, 'mask_dist_threshold': 50.0}
156374.0763870959, {'num_nearest': 2400, 'num_nearest_geo': 2400, 'num_nearest_eucli': 2400, 'batch_size': 250, 'size_embedded': 50, 'id_dataset': 'nl', 'epochs': 100, 'optimier': 'adam', 'validation_split': 0.1, 'label': 'asi_nl', 'early_stopping': False, 'graph_label': 'matrix', 'use_masking': True, 'sigma': 3.3211224804563426, 'learning_rate': 0.00038947148106054937, 'num_neuron': 66, 'num_layers': 5, 'mask_dist_threshold': 0.1}
216863.00184464615, {'num_nearest': 2400, 'num_nearest_geo': 2400, 'num_nearest_eucli': 2400, 'batch_size': 250, 'size_embedded': 50, 'id_dataset': 'nl', 'epochs': 100, 'optimier': 'adam', 'validation_split': 0.1, 'label': 'asi_nl', 'early_stopping': False, 'graph_label': 'matrix', 'use_masking': True, 'sigma': 5.771395685317405, 'learning_rate': 0.002635138756304191, 'num_neuron': 2, 'num_layers': 1, 'mask_dist_threshold': 0.1}
180650.7443549815, {'num_nearest': 2400, 'num_nearest_geo': 2400, 'num_nearest_eucli': 2400, 'batch_size': 250, 'size_embedded': 50, 'id_dataset': 'nl', 'epochs': 100, 'optimier': 'adam', 'validation_split': 0.1, 'label': 'asi_nl', 'early_stopping': False, 'graph_label': 'matrix', 'use_masking': True, 'sigma': 11.242072716477672, 'learning_rate': 0.0035190995174649844, 'num_neuron': 5, 'num_layers': 2, 'mask_dist_threshold': 10.0}
169639.17454552182, {'num_nearest': 2400, 'num_nearest_geo': 2400, 'num_nearest_eucli': 2400, 'batch_size': 250, 'size_embedded': 50, 'id_dataset': 'nl', 'epochs': 100, 'optimier': 'adam', 'validation_split': 0.1, 'label': 'asi_nl', 'early_stopping': False, 'graph_label': 'matrix', 'use_masking': True, 'sigma': 14.874404939564318, 'learning_rate': 0.003805046626188586, 'num_neuron': 85, 'num_layers': 4, 'mask_dist_threshold': 25.0}
362123.38921326026, {'num_nearest': 2400, 'num_nearest_geo': 2400, 'num_nearest_eucli': 2400, 'batch_size': 250, 'size_embedded': 50, 'id_dataset': 'nl', 'epochs': 100, 'optimier': 'adam', 'validation_split': 0.1, 'label': 'asi_nl', 'early_stopping': False, 'graph_label': 'matrix', 'use_masking': True, 'sigma': 14.559672943002884, 'learning_rate': 0.00021480588322912584, 'num_neuron': 3, 'num_layers': 4, 'mask_dist_threshold': 5.0}
170391.78349369043, {'num_nearest': 2400, 'num_nearest_geo': 2400, 'num_nearest_eucli': 2400, 'batch_size': 250, 'size_embedded': 50, 'id_dataset': 'nl', 'epochs': 100, 'optimier': 'adam', 'validation_split': 0.1, 'label': 'asi_nl', 'early_stopping': False, 'graph_label': 'matrix', 'use_masking': True, 'sigma': 9.886815696883488, 'learning_rate': 0.008635101006759105, 'num_neuron': 6, 'num_layers': 5, 'mask_dist_threshold': 5.0}
178691.42195194418, {'num_nearest': 2400, 'num_nearest_geo': 2400, 'num_nearest_eucli': 2400, 'batch_size': 250, 'size_embedded': 50, 'id_dataset': 'nl', 'epochs': 100, 'optimier': 'adam', 'validation_split': 0.1, 'label': 'asi_nl', 'early_stopping': False, 'graph_label': 'matrix', 'use_masking': True, 'sigma': 13.66271997107498, 'learning_rate': 0.006601201194456575, 'num_neuron': 16, 'num_layers': 4, 'mask_dist_threshold': 0.1}
215080.09656971955, {'num_nearest': 2400, 'num_nearest_geo': 2400, 'num_nearest_eucli': 2400, 'batch_size': 250, 'size_embedded': 50, 'id_dataset': 'nl', 'epochs': 100, 'optimier': 'adam', 'validation_split': 0.1, 'label': 'asi_nl', 'early_stopping': False, 'graph_label': 'matrix', 'use_masking': True, 'sigma': 11.036576602648998, 'learning_rate': 0.00804901638720199, 'num_neuron': 7, 'num_layers': 4, 'mask_dist_threshold': 0.1}
49350019.783683054, {'num_nearest': 2400, 'num_nearest_geo': 2400, 'num_nearest_eucli': 2400, 'batch_size': 250, 'size_embedded': 50, 'id_dataset': 'nl', 'epochs': 100, 'optimier': 'adam', 'validation_split': 0.1, 'label': 'asi_nl', 'early_stopping': False, 'graph_label': 'matrix', 'use_masking': True, 'sigma': 11.161918145984684, 'learning_rate': 0.00010736031890800943, 'num_neuron': 2, 'num_layers': 3, 'mask_dist_threshold': 50.0}
146724.66997231133, {'num_nearest': 2400, 'num_nearest_geo': 2400, 'num_nearest_eucli': 2400, 'batch_size': 250, 'size_embedded': 50, 'id_dataset': 'nl', 'epochs': 100, 'optimier': 'adam', 'validation_split': 0.1, 'label': 'asi_nl', 'early_stopping': False, 'graph_label': 'matrix', 'use_masking': True, 'sigma': 6.552137640157195, 'learning_rate': 0.0038521344844787636, 'num_neuron': 62, 'num_layers': 2, 'mask_dist_threshold': 2.5}
215409.32734481717, {'num_nearest': 2400, 'num_nearest_geo': 2400, 'num_nearest_eucli': 2400, 'batch_size': 250, 'size_embedded': 50, 'id_dataset': 'nl', 'epochs': 100, 'optimier': 'adam', 'validation_split': 0.1, 'label': 'asi_nl', 'early_stopping': False, 'graph_label': 'matrix', 'use_masking': True, 'sigma': 6.835944044849783, 'learning_rate': 0.0013463599548084416, 'num_neuron': 4, 'num_layers': 4, 'mask_dist_threshold': 50.0}
218227.55543269584, {'num_nearest': 2400, 'num_nearest_geo': 2400, 'num_nearest_eucli': 2400, 'batch_size': 250, 'size_embedded': 50, 'id_dataset': 'nl', 'epochs': 100, 'optimier': 'adam', 'validation_split': 0.1, 'label': 'asi_nl', 'early_stopping': False, 'graph_label': 'matrix', 'use_masking': True, 'sigma': 3.525280534417098, 'learning_rate': 0.0005827287498210966, 'num_neuron': 10, 'num_layers': 1, 'mask_dist_threshold': 10.0}
192154.43658253286, {'num_nearest': 2400, 'num_nearest_geo': 2400, 'num_nearest_eucli': 2400, 'batch_size': 250, 'size_embedded': 50, 'id_dataset': 'nl', 'epochs': 100, 'optimier': 'adam', 'validation_split': 0.1, 'label': 'asi_nl', 'early_stopping': False, 'graph_label': 'matrix', 'use_masking': True, 'sigma': 2.3339364856024822, 'learning_rate': 0.0016966446668610878, 'num_neuron': 5, 'num_layers': 1, 'mask_dist_threshold': 1.0}
180803.70104597148, {'num_nearest': 2400, 'num_nearest_geo': 2400, 'num_nearest_eucli': 2400, 'batch_size': 250, 'size_embedded': 50, 'id_dataset': 'nl', 'epochs': 100, 'optimier': 'adam', 'validation_split': 0.1, 'label': 'asi_nl', 'early_stopping': False, 'graph_label': 'matrix', 'use_masking': True, 'sigma': 3.3897446952327908, 'learning_rate': 0.00020089816999230398, 'num_neuron': 40, 'num_layers': 4, 'mask_dist_threshold': 0.1}
160811.8968245175, {'num_nearest': 2400, 'num_nearest_geo': 2400, 'num_nearest_eucli': 2400, 'batch_size': 250, 'size_embedded': 50, 'id_dataset': 'nl', 'epochs': 100, 'optimier': 'adam', 'validation_split': 0.1, 'label': 'asi_nl', 'early_stopping': False, 'graph_label': 'matrix', 'use_masking': True, 'sigma': 7.065870001237105, 'learning_rate': 0.005516663010551388, 'num_neuron': 41, 'num_layers': 5, 'mask_dist_threshold': 35.0}
202192.00001309768, {'num_nearest': 2400, 'num_nearest_geo': 2400, 'num_nearest_eucli': 2400, 'batch_size': 250, 'size_embedded': 50, 'id_dataset': 'nl', 'epochs': 100, 'optimier': 'adam', 'validation_split': 0.1, 'label': 'asi_nl', 'early_stopping': False, 'graph_label': 'matrix', 'use_masking': True, 'sigma': 12.580286283233484, 'learning_rate': 0.000436369674871751, 'num_neuron': 75, 'num_layers': 1, 'mask_dist_threshold': 0.1}
194269.908643558, {'num_nearest': 2400, 'num_nearest_geo': 2400, 'num_nearest_eucli': 2400, 'batch_size': 250, 'size_embedded': 50, 'id_dataset': 'nl', 'epochs': 100, 'optimier': 'adam', 'validation_split': 0.1, 'label': 'asi_nl', 'early_stopping': False, 'graph_label': 'matrix', 'use_masking': True, 'sigma': 10.418140186080736, 'learning_rate': 0.004124393102161878, 'num_neuron': 36, 'num_layers': 1, 'mask_dist_threshold': 0.1}
331795.0131662068, {'num_nearest': 2400, 'num_nearest_geo': 2400, 'num_nearest_eucli': 2400, 'batch_size': 250, 'size_embedded': 50, 'id_dataset': 'nl', 'epochs': 100, 'optimier': 'adam', 'validation_split': 0.1, 'label': 'asi_nl', 'early_stopping': False, 'graph_label': 'matrix', 'use_masking': True, 'sigma': 4.738329165784388, 'learning_rate': 0.0004335132988239769, 'num_neuron': 4, 'num_layers': 5, 'mask_dist_threshold': 5.0}
151556.33483407248, {'num_nearest': 2400, 'num_nearest_geo': 2400, 'num_nearest_eucli': 2400, 'batch_size': 250, 'size_embedded': 50, 'id_dataset': 'nl', 'epochs': 100, 'optimier': 'adam', 'validation_split': 0.1, 'label': 'asi_nl', 'early_stopping': False, 'graph_label': 'matrix', 'use_masking': True, 'sigma': 13.218839421085729, 'learning_rate': 0.004485871451070055, 'num_neuron': 46, 'num_layers': 4, 'mask_dist_threshold': 50.0}
175976.03977875964, {'num_nearest': 2400, 'num_nearest_geo': 2400, 'num_nearest_eucli': 2400, 'batch_size': 250, 'size_embedded': 50, 'id_dataset': 'nl', 'epochs': 100, 'optimier': 'adam', 'validation_split': 0.1, 'label': 'asi_nl', 'early_stopping': False, 'graph_label': 'matrix', 'use_masking': True, 'sigma': 8.737749260736242, 'learning_rate': 0.0013069738097871409, 'num_neuron': 125, 'num_layers': 3, 'mask_dist_threshold': 1.0}
202361.27935210167, {'num_nearest': 2400, 'num_nearest_geo': 2400, 'num_nearest_eucli': 2400, 'batch_size': 250, 'size_embedded': 50, 'id_dataset': 'nl', 'epochs': 100, 'optimier': 'adam', 'validation_split': 0.1, 'label': 'asi_nl', 'early_stopping': False, 'graph_label': 'matrix', 'use_masking': True, 'sigma': 8.142538224743971, 'learning_rate': 0.003245957080703017, 'num_neuron': 98, 'num_layers': 4, 'mask_dist_threshold': 5.0}
183773.1983434409, {'num_nearest': 2400, 'num_nearest_geo': 2400, 'num_nearest_eucli': 2400, 'batch_size': 250, 'size_embedded': 50, 'id_dataset': 'nl', 'epochs': 100, 'optimier': 'adam', 'validation_split': 0.1, 'label': 'asi_nl', 'early_stopping': False, 'graph_label': 'matrix', 'use_masking': True, 'sigma': 5.731546891545066, 'learning_rate': 0.001978634663625625, 'num_neuron': 16, 'num_layers': 5, 'mask_dist_threshold': 1.0}
176730.6152789928, {'num_nearest': 2400, 'num_nearest_geo': 2400, 'num_nearest_eucli': 2400, 'batch_size': 250, 'size_embedded': 50, 'id_dataset': 'nl', 'epochs': 100, 'optimier': 'adam', 'validation_split': 0.1, 'label': 'asi_nl', 'early_stopping': False, 'graph_label': 'matrix', 'use_masking': True, 'sigma': 4.052172673682176, 'learning_rate': 0.0006793554740900984, 'num_neuron': 26, 'num_layers': 1, 'mask_dist_threshold': 2.5}
156790.8599814311, {'num_nearest': 2400, 'num_nearest_geo': 2400, 'num_nearest_eucli': 2400, 'batch_size': 250, 'size_embedded': 50, 'id_dataset': 'nl', 'epochs': 100, 'optimier': 'adam', 'validation_split': 0.1, 'label': 'asi_nl', 'early_stopping': False, 'graph_label': 'matrix', 'use_masking': True, 'sigma': 3.8182488444609457, 'learning_rate': 0.00519917714071185, 'num_neuron': 21, 'num_layers': 5, 'mask_dist_threshold': 35.0}
165385.95274425278, {'num_nearest': 2400, 'num_nearest_geo': 2400, 'num_nearest_eucli': 2400, 'batch_size': 250, 'size_embedded': 50, 'id_dataset': 'nl', 'epochs': 100, 'optimier': 'adam', 'validation_split': 0.1, 'label': 'asi_nl', 'early_stopping': False, 'graph_label': 'matrix', 'use_masking': True, 'sigma': 7.687640060783402, 'learning_rate': 0.0006986914371127372, 'num_neuron': 25, 'num_layers': 3, 'mask_dist_threshold': 0.1}
177414.60278803605, {'num_nearest': 2400, 'num_nearest_geo': 2400, 'num_nearest_eucli': 2400, 'batch_size': 250, 'size_embedded': 50, 'id_dataset': 'nl', 'epochs': 100, 'optimier': 'adam', 'validation_split': 0.1, 'label': 'asi_nl', 'early_stopping': False, 'graph_label': 'matrix', 'use_masking': True, 'sigma': 6.905113568556941, 'learning_rate': 0.0013028011060786909, 'num_neuron': 69, 'num_layers': 3, 'mask_dist_threshold': 2.5}
169718.88160461906, {'num_nearest': 2400, 'num_nearest_geo': 2400, 'num_nearest_eucli': 2400, 'batch_size': 250, 'size_embedded': 50, 'id_dataset': 'nl', 'epochs': 100, 'optimier': 'adam', 'validation_split': 0.1, 'label': 'asi_nl', 'early_stopping': False, 'graph_label': 'matrix', 'use_masking': True, 'sigma': 3.0309436926889397, 'learning_rate': 0.005404669425729474, 'num_neuron': 32, 'num_layers': 4, 'mask_dist_threshold': 50.0}
158239.2034806512, {'num_nearest': 2400, 'num_nearest_geo': 2400, 'num_nearest_eucli': 2400, 'batch_size': 250, 'size_embedded': 50, 'id_dataset': 'nl', 'epochs': 100, 'optimier': 'adam', 'validation_split': 0.1, 'label': 'asi_nl', 'early_stopping': False, 'graph_label': 'matrix', 'use_masking': True, 'sigma': 12.24051594426875, 'learning_rate': 0.0013879693803927884, 'num_neuron': 49, 'num_layers': 5, 'mask_dist_threshold': 25.0}
488411.16819837125, {'num_nearest': 2400, 'num_nearest_geo': 2400, 'num_nearest_eucli': 2400, 'batch_size': 250, 'size_embedded': 50, 'id_dataset': 'nl', 'epochs': 100, 'optimier': 'adam', 'validation_split': 0.1, 'label': 'asi_nl', 'early_stopping': False, 'graph_label': 'matrix', 'use_masking': True, 'sigma': 5.914644068178002, 'learning_rate': 0.00024562446206770767, 'num_neuron': 6, 'num_layers': 4, 'mask_dist_threshold': 1.0}
156476.5014019351, {'num_nearest': 2400, 'num_nearest_geo': 2400, 'num_nearest_eucli': 2400, 'batch_size': 250, 'size_embedded': 50, 'id_dataset': 'nl', 'epochs': 100, 'optimier': 'adam', 'validation_split': 0.1, 'label': 'asi_nl', 'early_stopping': False, 'graph_label': 'matrix', 'use_masking': True, 'sigma': 12.62096500217878, 'learning_rate': 0.007475139603667528, 'num_neuron': 22, 'num_layers': 5, 'mask_dist_threshold': 2.5}
200999.17433871797, {'num_nearest': 2400, 'num_nearest_geo': 2400, 'num_nearest_eucli': 2400, 'batch_size': 250, 'size_embedded': 50, 'id_dataset': 'nl', 'epochs': 100, 'optimier': 'adam', 'validation_split': 0.1, 'label': 'asi_nl', 'early_stopping': False, 'graph_label': 'matrix', 'use_masking': True, 'sigma': 5.973167380865675, 'learning_rate': 0.0026597701102065367, 'num_neuron': 5, 'num_layers': 1, 'mask_dist_threshold': 10.0}
672748.2333338421, {'num_nearest': 2400, 'num_nearest_geo': 2400, 'num_nearest_eucli': 2400, 'batch_size': 250, 'size_embedded': 50, 'id_dataset': 'nl', 'epochs': 100, 'optimier': 'adam', 'validation_split': 0.1, 'label': 'asi_nl', 'early_stopping': False, 'graph_label': 'matrix', 'use_masking': True, 'sigma': 5.791607281967415, 'learning_rate': 0.0005402747556567062, 'num_neuron': 11, 'num_layers': 2, 'mask_dist_threshold': 2.5}
218674.2507260934, {'num_nearest': 2400, 'num_nearest_geo': 2400, 'num_nearest_eucli': 2400, 'batch_size': 250, 'size_embedded': 50, 'id_dataset': 'nl', 'epochs': 100, 'optimier': 'adam', 'validation_split': 0.1, 'label': 'asi_nl', 'early_stopping': False, 'graph_label': 'matrix', 'use_masking': True, 'sigma': 6.982472239433913, 'learning_rate': 0.005156945133564404, 'num_neuron': 2, 'num_layers': 3, 'mask_dist_threshold': 2.5}
170627.33150832017, {'num_nearest': 2400, 'num_nearest_geo': 2400, 'num_nearest_eucli': 2400, 'batch_size': 250, 'size_embedded': 50, 'id_dataset': 'nl', 'epochs': 100, 'optimier': 'adam', 'validation_split': 0.1, 'label': 'asi_nl', 'early_stopping': False, 'graph_label': 'matrix', 'use_masking': True, 'sigma': 10.082004251978205, 'learning_rate': 0.003842503130978581, 'num_neuron': 3, 'num_layers': 5, 'mask_dist_threshold': 5.0}
190918.7349721833, {'num_nearest': 2400, 'num_nearest_geo': 2400, 'num_nearest_eucli': 2400, 'batch_size': 250, 'size_embedded': 50, 'id_dataset': 'nl', 'epochs': 100, 'optimier': 'adam', 'validation_split': 0.1, 'label': 'asi_nl', 'early_stopping': False, 'graph_label': 'matrix', 'use_masking': True, 'sigma': 2.2494277356572243, 'learning_rate': 0.001389115574228255, 'num_neuron': 17, 'num_layers': 3, 'mask_dist_threshold': 1.0}
229636.310597971, {'num_nearest': 2400, 'num_nearest_geo': 2400, 'num_nearest_eucli': 2400, 'batch_size': 250, 'size_embedded': 50, 'id_dataset': 'nl', 'epochs': 100, 'optimier': 'adam', 'validation_split': 0.1, 'label': 'asi_nl', 'early_stopping': False, 'graph_label': 'matrix', 'use_masking': True, 'sigma': 11.70532598243096, 'learning_rate': 0.0005398457543406541, 'num_neuron': 3, 'num_layers': 3, 'mask_dist_threshold': 1.0}
212157.8748934509, {'num_nearest': 2400, 'num_nearest_geo': 2400, 'num_nearest_eucli': 2400, 'batch_size': 250, 'size_embedded': 50, 'id_dataset': 'nl', 'epochs': 100, 'optimier': 'adam', 'validation_split': 0.1, 'label': 'asi_nl', 'early_stopping': False, 'graph_label': 'matrix', 'use_masking': True, 'sigma': 10.046302691411796, 'learning_rate': 0.0004650585862243934, 'num_neuron': 11, 'num_layers': 5, 'mask_dist_threshold': 10.0}
265822.62857313507, {'num_nearest': 2400, 'num_nearest_geo': 2400, 'num_nearest_eucli': 2400, 'batch_size': 250, 'size_embedded': 50, 'id_dataset': 'nl', 'epochs': 100, 'optimier': 'adam', 'validation_split': 0.1, 'label': 'asi_nl', 'early_stopping': False, 'graph_label': 'matrix', 'use_masking': True, 'sigma': 4.761849130572077, 'learning_rate': 0.0021124303511532334, 'num_neuron': 7, 'num_layers': 3, 'mask_dist_threshold': 0.1}
151764.54492621202, {'num_nearest': 2400, 'num_nearest_geo': 2400, 'num_nearest_eucli': 2400, 'batch_size': 250, 'size_embedded': 50, 'id_dataset': 'nl', 'epochs': 100, 'optimier': 'adam', 'validation_split': 0.1, 'label': 'asi_nl', 'early_stopping': False, 'graph_label': 'matrix', 'use_masking': True, 'sigma': 2.175559859155264, 'learning_rate': 0.00914128113042, 'num_neuron': 17, 'num_layers': 2, 'mask_dist_threshold': 0.1}
177555.98481782048, {'num_nearest': 2400, 'num_nearest_geo': 2400, 'num_nearest_eucli': 2400, 'batch_size': 250, 'size_embedded': 50, 'id_dataset': 'nl', 'epochs': 100, 'optimier': 'adam', 'validation_split': 0.1, 'label': 'asi_nl', 'early_stopping': False, 'graph_label': 'matrix', 'use_masking': True, 'sigma': 5.377363765873052, 'learning_rate': 0.004895199542465859, 'num_neuron': 37, 'num_layers': 5, 'mask_dist_threshold': 50.0}
170925.43881662842, {'num_nearest': 2400, 'num_nearest_geo': 2400, 'num_nearest_eucli': 2400, 'batch_size': 250, 'size_embedded': 50, 'id_dataset': 'nl', 'epochs': 100, 'optimier': 'adam', 'validation_split': 0.1, 'label': 'asi_nl', 'early_stopping': False, 'graph_label': 'matrix', 'use_masking': True, 'sigma': 5.753612317766066, 'learning_rate': 0.007225760334659177, 'num_neuron': 9, 'num_layers': 1, 'mask_dist_threshold': 25.0}
214735.3315575334, {'num_nearest': 2400, 'num_nearest_geo': 2400, 'num_nearest_eucli': 2400, 'batch_size': 250, 'size_embedded': 50, 'id_dataset': 'nl', 'epochs': 100, 'optimier': 'adam', 'validation_split': 0.1, 'label': 'asi_nl', 'early_stopping': False, 'graph_label': 'matrix', 'use_masking': True, 'sigma': 14.574072569887328, 'learning_rate': 0.0036976906215001825, 'num_neuron': 89, 'num_layers': 2, 'mask_dist_threshold': 10.0}
186389.4370071321, {'num_nearest': 2400, 'num_nearest_geo': 2400, 'num_nearest_eucli': 2400, 'batch_size': 250, 'size_embedded': 50, 'id_dataset': 'nl', 'epochs': 100, 'optimier': 'adam', 'validation_split': 0.1, 'label': 'asi_nl', 'early_stopping': False, 'graph_label': 'matrix', 'use_masking': True, 'sigma': 5.09035699555339, 'learning_rate': 0.0023424100303964944, 'num_neuron': 71, 'num_layers': 2, 'mask_dist_threshold': 35.0}
172794.1375228638, {'num_nearest': 2400, 'num_nearest_geo': 2400, 'num_nearest_eucli': 2400, 'batch_size': 250, 'size_embedded': 50, 'id_dataset': 'nl', 'epochs': 100, 'optimier': 'adam', 'validation_split': 0.1, 'label': 'asi_nl', 'early_stopping': False, 'graph_label': 'matrix', 'use_masking': True, 'sigma': 6.70491495014781, 'learning_rate': 0.006783665088760799, 'num_neuron': 7, 'num_layers': 4, 'mask_dist_threshold': 25.0}
174687.04975794646, {'num_nearest': 2400, 'num_nearest_geo': 2400, 'num_nearest_eucli': 2400, 'batch_size': 250, 'size_embedded': 50, 'id_dataset': 'nl', 'epochs': 100, 'optimier': 'adam', 'validation_split': 0.1, 'label': 'asi_nl', 'early_stopping': False, 'graph_label': 'matrix', 'use_masking': True, 'sigma': 11.019122002006139, 'learning_rate': 0.000380608172834579, 'num_neuron': 43, 'num_layers': 5, 'mask_dist_threshold': 5.0}
250320.06486359632, {'num_nearest': 2400, 'num_nearest_geo': 2400, 'num_nearest_eucli': 2400, 'batch_size': 250, 'size_embedded': 50, 'id_dataset': 'nl', 'epochs': 100, 'optimier': 'adam', 'validation_split': 0.1, 'label': 'asi_nl', 'early_stopping': False, 'graph_label': 'matrix', 'use_masking': True, 'sigma': 5.38064879823527, 'learning_rate': 0.000545296280816706, 'num_neuron': 4, 'num_layers': 3, 'mask_dist_threshold': 50.0}
249522.4751543181, {'num_nearest': 2400, 'num_nearest_geo': 2400, 'num_nearest_eucli': 2400, 'batch_size': 250, 'size_embedded': 50, 'id_dataset': 'nl', 'epochs': 100, 'optimier': 'adam', 'validation_split': 0.1, 'label': 'asi_nl', 'early_stopping': False, 'graph_label': 'matrix', 'use_masking': True, 'sigma': 6.967190881635791, 'learning_rate': 0.0006146392718151764, 'num_neuron': 9, 'num_layers': 2, 'mask_dist_threshold': 25.0}
180950.75628935828, {'num_nearest': 2400, 'num_nearest_geo': 2400, 'num_nearest_eucli': 2400, 'batch_size': 250, 'size_embedded': 50, 'id_dataset': 'nl', 'epochs': 100, 'optimier': 'adam', 'validation_split': 0.1, 'label': 'asi_nl', 'early_stopping': False, 'graph_label': 'matrix', 'use_masking': True, 'sigma': 3.1613757137840457, 'learning_rate': 0.006447736615906511, 'num_neuron': 58, 'num_layers': 2, 'mask_dist_threshold': 35.0}
174196.64856009418, {'num_nearest': 2400, 'num_nearest_geo': 2400, 'num_nearest_eucli': 2400, 'batch_size': 250, 'size_embedded': 50, 'id_dataset': 'nl', 'epochs': 100, 'optimier': 'adam', 'validation_split': 0.1, 'label': 'asi_nl', 'early_stopping': False, 'graph_label': 'matrix', 'use_masking': True, 'sigma': 6.25974038594018, 'learning_rate': 0.008588913936400185, 'num_neuron': 89, 'num_layers': 2, 'mask_dist_threshold': 5.0}
179387.690732859, {'num_nearest': 2400, 'num_nearest_geo': 2400, 'num_nearest_eucli': 2400, 'batch_size': 250, 'size_embedded': 50, 'id_dataset': 'nl', 'epochs': 100, 'optimier': 'adam', 'validation_split': 0.1, 'label': 'asi_nl', 'early_stopping': False, 'graph_label': 'matrix', 'use_masking': True, 'sigma': 1.2848369884195006, 'learning_rate': 0.002668030116076265, 'num_neuron': 113, 'num_layers': 2, 'mask_dist_threshold': 10.0}
164082.88019229102, {'num_nearest': 2400, 'num_nearest_geo': 2400, 'num_nearest_eucli': 2400, 'batch_size': 250, 'size_embedded': 50, 'id_dataset': 'nl', 'epochs': 100, 'optimier': 'adam', 'validation_split': 0.1, 'label': 'asi_nl', 'early_stopping': False, 'graph_label': 'matrix', 'use_masking': True, 'sigma': 1.1009348890539918, 'learning_rate': 0.0019652422999783497, 'num_neuron': 121, 'num_layers': 5, 'mask_dist_threshold': 1.0}
165790.35674890145, {'num_nearest': 2400, 'num_nearest_geo': 2400, 'num_nearest_eucli': 2400, 'batch_size': 250, 'size_embedded': 50, 'id_dataset': 'nl', 'epochs': 100, 'optimier': 'adam', 'validation_split': 0.1, 'label': 'asi_nl', 'early_stopping': False, 'graph_label': 'matrix', 'use_masking': True, 'sigma': 1.5621072078103238, 'learning_rate': 0.001725988084150862, 'num_neuron': 18, 'num_layers': 5, 'mask_dist_threshold': 1.0}
186430.70672667236, {'num_nearest': 2400, 'num_nearest_geo': 2400, 'num_nearest_eucli': 2400, 'batch_size': 250, 'size_embedded': 50, 'id_dataset': 'nl', 'epochs': 100, 'optimier': 'adam', 'validation_split': 0.1, 'label': 'asi_nl', 'early_stopping': False, 'graph_label': 'matrix', 'use_masking': True, 'sigma': 11.149742464464817, 'learning_rate': 0.0011314821541626096, 'num_neuron': 89, 'num_layers': 5, 'mask_dist_threshold': 35.0}
1032818.9825218662, {'num_nearest': 2400, 'num_nearest_geo': 2400, 'num_nearest_eucli': 2400, 'batch_size': 250, 'size_embedded': 50, 'id_dataset': 'nl', 'epochs': 100, 'optimier': 'adam', 'validation_split': 0.1, 'label': 'asi_nl', 'early_stopping': False, 'graph_label': 'matrix', 'use_masking': True, 'sigma': 1.6682787905346543, 'learning_rate': 0.00011859362242643446, 'num_neuron': 4, 'num_layers': 1, 'mask_dist_threshold': 50.0}
222217.30037380118, {'num_nearest': 2400, 'num_nearest_geo': 2400, 'num_nearest_eucli': 2400, 'batch_size': 250, 'size_embedded': 50, 'id_dataset': 'nl', 'epochs': 100, 'optimier': 'adam', 'validation_split': 0.1, 'label': 'asi_nl', 'early_stopping': False, 'graph_label': 'matrix', 'use_masking': True, 'sigma': 9.090052955000763, 'learning_rate': 0.001092657791710346, 'num_neuron': 24, 'num_layers': 4, 'mask_dist_threshold': 2.5}
166805.2181659325, {'num_nearest': 2400, 'num_nearest_geo': 2400, 'num_nearest_eucli': 2400, 'batch_size': 250, 'size_embedded': 50, 'id_dataset': 'nl', 'epochs': 100, 'optimier': 'adam', 'validation_split': 0.1, 'label': 'asi_nl', 'early_stopping': False, 'graph_label': 'matrix', 'use_masking': True, 'sigma': 2.866492939117305, 'learning_rate': 0.00030856024958394817, 'num_neuron': 44, 'num_layers': 5, 'mask_dist_threshold': 2.5}
188969.23973525548, {'num_nearest': 2400, 'num_nearest_geo': 2400, 'num_nearest_eucli': 2400, 'batch_size': 250, 'size_embedded': 50, 'id_dataset': 'nl', 'epochs': 100, 'optimier': 'adam', 'validation_split': 0.1, 'label': 'asi_nl', 'early_stopping': False, 'graph_label': 'matrix', 'use_masking': True, 'sigma': 10.747163997900605, 'learning_rate': 0.0012449817585582046, 'num_neuron': 10, 'num_layers': 3, 'mask_dist_threshold': 35.0}
202559.71449449705, {'num_nearest': 2400, 'num_nearest_geo': 2400, 'num_nearest_eucli': 2400, 'batch_size': 250, 'size_embedded': 50, 'id_dataset': 'nl', 'epochs': 100, 'optimier': 'adam', 'validation_split': 0.1, 'label': 'asi_nl', 'early_stopping': False, 'graph_label': 'matrix', 'use_masking': True, 'sigma': 11.689924312971975, 'learning_rate': 0.0005147998678607802, 'num_neuron': 9, 'num_layers': 3, 'mask_dist_threshold': 1.0}
223345.9535389979, {'num_nearest': 2400, 'num_nearest_geo': 2400, 'num_nearest_eucli': 2400, 'batch_size': 250, 'size_embedded': 50, 'id_dataset': 'nl', 'epochs': 100, 'optimier': 'adam', 'validation_split': 0.1, 'label': 'asi_nl', 'early_stopping': False, 'graph_label': 'matrix', 'use_masking': True, 'sigma': 8.494443596474856, 'learning_rate': 0.0025204303572051207, 'num_neuron': 4, 'num_layers': 1, 'mask_dist_threshold': 2.5}
514491.0162711916, {'num_nearest': 2400, 'num_nearest_geo': 2400, 'num_nearest_eucli': 2400, 'batch_size': 250, 'size_embedded': 50, 'id_dataset': 'nl', 'epochs': 100, 'optimier': 'adam', 'validation_split': 0.1, 'label': 'asi_nl', 'early_stopping': False, 'graph_label': 'matrix', 'use_masking': True, 'sigma': 13.163865271483235, 'learning_rate': 0.0006489108387576268, 'num_neuron': 4, 'num_layers': 3, 'mask_dist_threshold': 1.0}
202658.076473243, {'num_nearest': 2400, 'num_nearest_geo': 2400, 'num_nearest_eucli': 2400, 'batch_size': 250, 'size_embedded': 50, 'id_dataset': 'nl', 'epochs': 100, 'optimier': 'adam', 'validation_split': 0.1, 'label': 'asi_nl', 'early_stopping': False, 'graph_label': 'matrix', 'use_masking': True, 'sigma': 10.5684711062994, 'learning_rate': 0.0016541595857356912, 'num_neuron': 5, 'num_layers': 1, 'mask_dist_threshold': 5.0}
202371.914349309, {'num_nearest': 2400, 'num_nearest_geo': 2400, 'num_nearest_eucli': 2400, 'batch_size': 250, 'size_embedded': 50, 'id_dataset': 'nl', 'epochs': 100, 'optimier': 'adam', 'validation_split': 0.1, 'label': 'asi_nl', 'early_stopping': False, 'graph_label': 'matrix', 'use_masking': True, 'sigma': 8.116767382296217, 'learning_rate': 0.0001894533390659289, 'num_neuron': 45, 'num_layers': 5, 'mask_dist_threshold': 35.0}
179979.63632012412, {'num_nearest': 2400, 'num_nearest_geo': 2400, 'num_nearest_eucli': 2400, 'batch_size': 250, 'size_embedded': 50, 'id_dataset': 'nl', 'epochs': 100, 'optimier': 'adam', 'validation_split': 0.1, 'label': 'asi_nl', 'early_stopping': False, 'graph_label': 'matrix', 'use_masking': True, 'sigma': 7.742321768876461, 'learning_rate': 0.001013111133794048, 'num_neuron': 17, 'num_layers': 5, 'mask_dist_threshold': 50.0}
197097.44153624383, {'num_nearest': 2400, 'num_nearest_geo': 2400, 'num_nearest_eucli': 2400, 'batch_size': 250, 'size_embedded': 50, 'id_dataset': 'nl', 'epochs': 100, 'optimier': 'adam', 'validation_split': 0.1, 'label': 'asi_nl', 'early_stopping': False, 'graph_label': 'matrix', 'use_masking': True, 'sigma': 14.50508998937703, 'learning_rate': 0.004461602606238007, 'num_neuron': 43, 'num_layers': 4, 'mask_dist_threshold': 1.0}
189260.90940853357, {'num_nearest': 2400, 'num_nearest_geo': 2400, 'num_nearest_eucli': 2400, 'batch_size': 250, 'size_embedded': 50, 'id_dataset': 'nl', 'epochs': 100, 'optimier': 'adam', 'validation_split': 0.1, 'label': 'asi_nl', 'early_stopping': False, 'graph_label': 'matrix', 'use_masking': True, 'sigma': 6.791299835517379, 'learning_rate': 0.003961063842396669, 'num_neuron': 85, 'num_layers': 3, 'mask_dist_threshold': 25.0}
168357.64798991175, {'num_nearest': 2400, 'num_nearest_geo': 2400, 'num_nearest_eucli': 2400, 'batch_size': 250, 'size_embedded': 50, 'id_dataset': 'nl', 'epochs': 100, 'optimier': 'adam', 'validation_split': 0.1, 'label': 'asi_nl', 'early_stopping': False, 'graph_label': 'matrix', 'use_masking': True, 'sigma': 7.04227456130414, 'learning_rate': 0.0024435924574764986, 'num_neuron': 12, 'num_layers': 4, 'mask_dist_threshold': 0.1}
190049.9792319383, {'num_nearest': 2400, 'num_nearest_geo': 2400, 'num_nearest_eucli': 2400, 'batch_size': 250, 'size_embedded': 50, 'id_dataset': 'nl', 'epochs': 100, 'optimier': 'adam', 'validation_split': 0.1, 'label': 'asi_nl', 'early_stopping': False, 'graph_label': 'matrix', 'use_masking': True, 'sigma': 3.531253216809813, 'learning_rate': 0.005412314546957756, 'num_neuron': 4, 'num_layers': 2, 'mask_dist_threshold': 25.0}
279188.0642035324, {'num_nearest': 2400, 'num_nearest_geo': 2400, 'num_nearest_eucli': 2400, 'batch_size': 250, 'size_embedded': 50, 'id_dataset': 'nl', 'epochs': 100, 'optimier': 'adam', 'validation_split': 0.1, 'label': 'asi_nl', 'early_stopping': False, 'graph_label': 'matrix', 'use_masking': True, 'sigma': 5.200557100470598, 'learning_rate': 0.00015057006786920693, 'num_neuron': 2, 'num_layers': 3, 'mask_dist_threshold': 0.1}
156553.93006611735, {'num_nearest': 2400, 'num_nearest_geo': 2400, 'num_nearest_eucli': 2400, 'batch_size': 250, 'size_embedded': 50, 'id_dataset': 'nl', 'epochs': 100, 'optimier': 'adam', 'validation_split': 0.1, 'label': 'asi_nl', 'early_stopping': False, 'graph_label': 'matrix', 'use_masking': True, 'sigma': 12.75496760833397, 'learning_rate': 0.002399453896545084, 'num_neuron': 9, 'num_layers': 3, 'mask_dist_threshold': 0.1}
209950.74382181492, {'num_nearest': 2400, 'num_nearest_geo': 2400, 'num_nearest_eucli': 2400, 'batch_size': 250, 'size_embedded': 50, 'id_dataset': 'nl', 'epochs': 100, 'optimier': 'adam', 'validation_split': 0.1, 'label': 'asi_nl', 'early_stopping': False, 'graph_label': 'matrix', 'use_masking': True, 'sigma': 11.96096246633171, 'learning_rate': 0.0005765486769184782, 'num_neuron': 3, 'num_layers': 3, 'mask_dist_threshold': 2.5}
247502.2477699591, {'num_nearest': 2400, 'num_nearest_geo': 2400, 'num_nearest_eucli': 2400, 'batch_size': 250, 'size_embedded': 50, 'id_dataset': 'nl', 'epochs': 100, 'optimier': 'adam', 'validation_split': 0.1, 'label': 'asi_nl', 'early_stopping': False, 'graph_label': 'matrix', 'use_masking': True, 'sigma': 9.291281328694478, 'learning_rate': 0.00028802177444951175, 'num_neuron': 4, 'num_layers': 2, 'mask_dist_threshold': 2.5}
202347.0124950674, {'num_nearest': 2400, 'num_nearest_geo': 2400, 'num_nearest_eucli': 2400, 'batch_size': 250, 'size_embedded': 50, 'id_dataset': 'nl', 'epochs': 100, 'optimier': 'adam', 'validation_split': 0.1, 'label': 'asi_nl', 'early_stopping': False, 'graph_label': 'matrix', 'use_masking': True, 'sigma': 10.085318116599131, 'learning_rate': 0.006096541022645014, 'num_neuron': 3, 'num_layers': 5, 'mask_dist_threshold': 1.0}
201251.4625298712, {'num_nearest': 2400, 'num_nearest_geo': 2400, 'num_nearest_eucli': 2400, 'batch_size': 250, 'size_embedded': 50, 'id_dataset': 'nl', 'epochs': 100, 'optimier': 'adam', 'validation_split': 0.1, 'label': 'asi_nl', 'early_stopping': False, 'graph_label': 'matrix', 'use_masking': True, 'sigma': 5.404185494487052, 'learning_rate': 0.00035326459476942745, 'num_neuron': 6, 'num_layers': 4, 'mask_dist_threshold': 5.0}
198368.80070440925, {'num_nearest': 2400, 'num_nearest_geo': 2400, 'num_nearest_eucli': 2400, 'batch_size': 250, 'size_embedded': 50, 'id_dataset': 'nl', 'epochs': 100, 'optimier': 'adam', 'validation_split': 0.1, 'label': 'asi_nl', 'early_stopping': False, 'graph_label': 'matrix', 'use_masking': True, 'sigma': 2.816938243043023, 'learning_rate': 0.0005675273920472108, 'num_neuron': 57, 'num_layers': 2, 'mask_dist_threshold': 2.5}
197420.88985529245, {'num_nearest': 2400, 'num_nearest_geo': 2400, 'num_nearest_eucli': 2400, 'batch_size': 250, 'size_embedded': 50, 'id_dataset': 'nl', 'epochs': 100, 'optimier': 'adam', 'validation_split': 0.1, 'label': 'asi_nl', 'early_stopping': False, 'graph_label': 'matrix', 'use_masking': True, 'sigma': 6.385589916738095, 'learning_rate': 0.001916856186301727, 'num_neuron': 7, 'num_layers': 4, 'mask_dist_threshold': 35.0}
157993.14313042868, {'num_nearest': 2400, 'num_nearest_geo': 2400, 'num_nearest_eucli': 2400, 'batch_size': 250, 'size_embedded': 50, 'id_dataset': 'nl', 'epochs': 100, 'optimier': 'adam', 'validation_split': 0.1, 'label': 'asi_nl', 'early_stopping': False, 'graph_label': 'matrix', 'use_masking': True, 'sigma': 14.913435343395832, 'learning_rate': 0.008800278123250129, 'num_neuron': 13, 'num_layers': 2, 'mask_dist_threshold': 2.5}
157183.41024610106, {'num_nearest': 2400, 'num_nearest_geo': 2400, 'num_nearest_eucli': 2400, 'batch_size': 250, 'size_embedded': 50, 'id_dataset': 'nl', 'epochs': 100, 'optimier': 'adam', 'validation_split': 0.1, 'label': 'asi_nl', 'early_stopping': False, 'graph_label': 'matrix', 'use_masking': True, 'sigma': 6.31793368091054, 'learning_rate': 0.0028719046496288297, 'num_neuron': 68, 'num_layers': 5, 'mask_dist_threshold': 35.0}
276858.2580082032, {'num_nearest': 2400, 'num_nearest_geo': 2400, 'num_nearest_eucli': 2400, 'batch_size': 250, 'size_embedded': 50, 'id_dataset': 'nl', 'epochs': 100, 'optimier': 'adam', 'validation_split': 0.1, 'label': 'asi_nl', 'early_stopping': False, 'graph_label': 'matrix', 'use_masking': True, 'sigma': 4.091857547552145, 'learning_rate': 0.0005129482605627836, 'num_neuron': 9, 'num_layers': 1, 'mask_dist_threshold': 2.5}
179903.9129323353, {'num_nearest': 2400, 'num_nearest_geo': 2400, 'num_nearest_eucli': 2400, 'batch_size': 250, 'size_embedded': 50, 'id_dataset': 'nl', 'epochs': 100, 'optimier': 'adam', 'validation_split': 0.1, 'label': 'asi_nl', 'early_stopping': False, 'graph_label': 'matrix', 'use_masking': True, 'sigma': 9.275030207315496, 'learning_rate': 0.0046091054260629285, 'num_neuron': 8, 'num_layers': 2, 'mask_dist_threshold': 0.1}
167812.88716642858, {'num_nearest': 2400, 'num_nearest_geo': 2400, 'num_nearest_eucli': 2400, 'batch_size': 250, 'size_embedded': 50, 'id_dataset': 'nl', 'epochs': 100, 'optimier': 'adam', 'validation_split': 0.1, 'label': 'asi_nl', 'early_stopping': False, 'graph_label': 'matrix', 'use_masking': True, 'sigma': 2.2197092477078826, 'learning_rate': 0.004080468096092275, 'num_neuron': 9, 'num_layers': 2, 'mask_dist_threshold': 10.0}
177478.06316387648, {'num_nearest': 2400, 'num_nearest_geo': 2400, 'num_nearest_eucli': 2400, 'batch_size': 250, 'size_embedded': 50, 'id_dataset': 'nl', 'epochs': 100, 'optimier': 'adam', 'validation_split': 0.1, 'label': 'asi_nl', 'early_stopping': False, 'graph_label': 'matrix', 'use_masking': True, 'sigma': 14.838323718455763, 'learning_rate': 0.002817654006385244, 'num_neuron': 17, 'num_layers': 5, 'mask_dist_threshold': 0.1}
172182.39106573162, {'num_nearest': 2400, 'num_nearest_geo': 2400, 'num_nearest_eucli': 2400, 'batch_size': 250, 'size_embedded': 50, 'id_dataset': 'nl', 'epochs': 100, 'optimier': 'adam', 'validation_split': 0.1, 'label': 'asi_nl', 'early_stopping': False, 'graph_label': 'matrix', 'use_masking': True, 'sigma': 13.831347472613956, 'learning_rate': 0.0008681845581326735, 'num_neuron': 50, 'num_layers': 3, 'mask_dist_threshold': 1.0}
168070.63024168406, {'num_nearest': 2400, 'num_nearest_geo': 2400, 'num_nearest_eucli': 2400, 'batch_size': 250, 'size_embedded': 50, 'id_dataset': 'nl', 'epochs': 100, 'optimier': 'adam', 'validation_split': 0.1, 'label': 'asi_nl', 'early_stopping': False, 'graph_label': 'matrix', 'use_masking': True, 'sigma': 13.530715553859254, 'learning_rate': 0.0005278641131515837, 'num_neuron': 103, 'num_layers': 2, 'mask_dist_threshold': 0.1}
216063.367980938, {'num_nearest': 2400, 'num_nearest_geo': 2400, 'num_nearest_eucli': 2400, 'batch_size': 250, 'size_embedded': 50, 'id_dataset': 'nl', 'epochs': 100, 'optimier': 'adam', 'validation_split': 0.1, 'label': 'asi_nl', 'early_stopping': False, 'graph_label': 'matrix', 'use_masking': True, 'sigma': 6.602207593107764, 'learning_rate': 0.0008548801246873618, 'num_neuron': 35, 'num_layers': 2, 'mask_dist_threshold': 50.0}
172468.9726552023, {'num_nearest': 2400, 'num_nearest_geo': 2400, 'num_nearest_eucli': 2400, 'batch_size': 250, 'size_embedded': 50, 'id_dataset': 'nl', 'epochs': 100, 'optimier': 'adam', 'validation_split': 0.1, 'label': 'asi_nl', 'early_stopping': False, 'graph_label': 'matrix', 'use_masking': True, 'sigma': 9.674864931154977, 'learning_rate': 0.005297014896017455, 'num_neuron': 16, 'num_layers': 2, 'mask_dist_threshold': 0.1}
162238.98755637908, {'num_nearest': 2400, 'num_nearest_geo': 2400, 'num_nearest_eucli': 2400, 'batch_size': 250, 'size_embedded': 50, 'id_dataset': 'nl', 'epochs': 100, 'optimier': 'adam', 'validation_split': 0.1, 'label': 'asi_nl', 'early_stopping': False, 'graph_label': 'matrix', 'use_masking': True, 'sigma': 13.274460037669428, 'learning_rate': 0.0031332913575478085, 'num_neuron': 11, 'num_layers': 3, 'mask_dist_threshold': 5.0}
210888.70558120572, {'num_nearest': 2400, 'num_nearest_geo': 2400, 'num_nearest_eucli': 2400, 'batch_size': 250, 'size_embedded': 50, 'id_dataset': 'nl', 'epochs': 100, 'optimier': 'adam', 'validation_split': 0.1, 'label': 'asi_nl', 'early_stopping': False, 'graph_label': 'matrix', 'use_masking': True, 'sigma': 8.196779936949564, 'learning_rate': 0.0013924307414331057, 'num_neuron': 27, 'num_layers': 2, 'mask_dist_threshold': 35.0}
3104442.84397508, {'num_nearest': 2400, 'num_nearest_geo': 2400, 'num_nearest_eucli': 2400, 'batch_size': 250, 'size_embedded': 50, 'id_dataset': 'nl', 'epochs': 100, 'optimier': 'adam', 'validation_split': 0.1, 'label': 'asi_nl', 'early_stopping': False, 'graph_label': 'matrix', 'use_masking': True, 'sigma': 11.70922622982919, 'learning_rate': 0.00023109804477418837, 'num_neuron': 5, 'num_layers': 2, 'mask_dist_threshold': 35.0}
157873.49646750969, {'num_nearest': 2400, 'num_nearest_geo': 2400, 'num_nearest_eucli': 2400, 'batch_size': 250, 'size_embedded': 50, 'id_dataset': 'nl', 'epochs': 100, 'optimier': 'adam', 'validation_split': 0.1, 'label': 'asi_nl', 'early_stopping': False, 'graph_label': 'matrix', 'use_masking': True, 'sigma': 14.847044511148143, 'learning_rate': 0.00034290267410354953, 'num_neuron': 48, 'num_layers': 3, 'mask_dist_threshold': 25.0}
185243.64388727525, {'num_nearest': 2400, 'num_nearest_geo': 2400, 'num_nearest_eucli': 2400, 'batch_size': 250, 'size_embedded': 50, 'id_dataset': 'nl', 'epochs': 100, 'optimier': 'adam', 'validation_split': 0.1, 'label': 'asi_nl', 'early_stopping': False, 'graph_label': 'matrix', 'use_masking': True, 'sigma': 11.519009651205254, 'learning_rate': 0.002117466098596174, 'num_neuron': 85, 'num_layers': 4, 'mask_dist_threshold': 0.1}
153909.94203803476, {'num_nearest': 2400, 'num_nearest_geo': 2400, 'num_nearest_eucli': 2400, 'batch_size': 250, 'size_embedded': 50, 'id_dataset': 'nl', 'epochs': 100, 'optimier': 'adam', 'validation_split': 0.1, 'label': 'asi_nl', 'early_stopping': False, 'graph_label': 'matrix', 'use_masking': True, 'sigma': 3.9151583968193893, 'learning_rate': 0.0009932463002345884, 'num_neuron': 90, 'num_layers': 5, 'mask_dist_threshold': 50.0}
